,QUERY_ABOUT,LEMMATIZED_TOKEN,GROUP_SPECIFIC_TOKEN_PROBABILITY,GROUP_SPECIFIC_TOKEN_PERCENTAGE
918,Weather Tracking and Alerts,weather,0.167087329631499,16.7087329631499
732,Weather Tracking and Alerts,bug,0.033821302372539,3.38213023725391
749,Weather Tracking and Alerts,cold,0.029782937910146,2.9782937910146368
896,Weather Tracking and Alerts,temperature,0.026754164563352,2.675416456335184
798,Weather Tracking and Alerts,hurricane,0.026249369005552997,2.624936900555272
827,Weather Tracking and Alerts,merriweather,0.020696617869763,2.06966178697627
852,Weather Tracking and Alerts,post,0.020696617869763,2.06966178697627
846,Weather Tracking and Alerts,pavillion,0.020191822311964,2.01918223119637
779,Weather Tracking and Alerts,forecast,0.018677435638566,1.86774356385664
895,Weather Tracking and Alerts,storm,0.018172640080767,1.81726400807673
747,Weather Tracking and Alerts,climate,0.015648662291771,1.564866229177186
885,Weather Tracking and Alerts,snow,0.015143866733973,1.51438667339727
819,Weather Tracking and Alerts,lyric,0.013124684502776,1.31246845027764
898,Weather Tracking and Alerts,thailand,0.013124684502775999,1.312468450277637
753,Weather Tracking and Alerts,coldwell,0.010095911155982,1.00959111559818
845,Weather Tracking and Alerts,paul,0.009591115598183,0.959111559818274
876,Weather Tracking and Alerts,sean,0.009591115598183,0.959111559818274
762,Weather Tracking and Alerts,day,0.009086320040384,0.908632004038364
893,Weather Tracking and Alerts,stone,0.008076728924785,0.807672892478546
760,Weather Tracking and Alerts,creamery,0.007571933366986,0.757193336698637
859,Weather Tracking and Alerts,rainbow,0.007571933366986,0.757193336698637
764,Weather Tracking and Alerts,dominican,0.007067137809187,0.706713780918728
867,Weather Tracking and Alerts,republic,0.007067137809187,0.706713780918728
719,Weather Tracking and Alerts,banker,0.006562342251388,0.656234225138819
900,Weather Tracking and Alerts,thunderbeach,0.006057546693589,0.60575466935891
906,Weather Tracking and Alerts,tornado,0.006057546693588999,0.60575466935891
714,Weather Tracking and Alerts,atlanta,0.00555275113579,0.555275113579001
806,Weather Tracking and Alerts,katrina,0.00555275113579,0.555275113579001
849,Weather Tracking and Alerts,picture,0.00555275113579,0.555275113579001
854,Weather Tracking and Alerts,prediction,0.00555275113579,0.555275113579001
738,Weather Tracking and Alerts,casino,0.005047955577991,0.504795557799091
745,Weather Tracking and Alerts,city,0.005047955577991,0.504795557799092
888,Weather Tracking and Alerts,song,0.005047955577991,0.504795557799091
899,Weather Tracking and Alerts,thunder,0.005047955577991,0.504795557799091
903,Weather Tracking and Alerts,thundervalley,0.005047955577991,0.504795557799091
740,Weather Tracking and Alerts,change,0.004543160020192,0.454316002019182
741,Weather Tracking and Alerts,channel,0.004543160020192,0.454316002019182
758,Weather Tracking and Alerts,condition,0.004543160020192,0.454316002019182
765,Weather Tracking and Alerts,drought,0.004543160020192,0.454316002019182
776,Weather Tracking and Alerts,flower,0.004543160020192,0.454316002019182
783,Weather Tracking and Alerts,frost,0.004543160020192,0.454316002019182
809,Weather Tracking and Alerts,lake,0.004543160020192,0.454316002019182
858,Weather Tracking and Alerts,rain,0.004543160020192,0.454316002019182
868,Weather Tracking and Alerts,resistant,0.004543160020192,0.454316002019182
881,Weather Tracking and Alerts,service,0.004543160020192,0.454316002019182
924,Weather Tracking and Alerts,wkyc,0.004543160020192,0.454316002019182
723,Weather Tracking and Alerts,battle,0.004038364462393,0.403836446239273
815,Weather Tracking and Alerts,local,0.004038364462393,0.403836446239273
841,Weather Tracking and Alerts,north,0.004038364462393,0.403836446239273
897,Weather Tracking and Alerts,texas,0.004038364462393,0.403836446239273
927,Weather Tracking and Alerts,world,0.004038364462393,0.403836446239273
707,Weather Tracking and Alerts,air,0.003533568904594,0.353356890459364
787,Weather Tracking and Alerts,haile,0.003533568904594,0.353356890459364
799,Weather Tracking and Alerts,ice,0.003533568904594,0.353356890459364
805,Weather Tracking and Alerts,kansa,0.003533568904594,0.353356890459364
814,Weather Tracking and Alerts,list,0.003533568904594,0.353356890459364
866,Weather Tracking and Alerts,report,0.003533568904594,0.353356890459364
879,Weather Tracking and Alerts,selassie,0.003533568904594,0.353356890459364
901,Weather Tracking and Alerts,thunderbird,0.003533568904594,0.353356890459364
917,Weather Tracking and Alerts,water,0.003533568904594,0.353356890459364
796,Weather Tracking and Alerts,home,0.003533568904593,0.353356890459364
752,Weather Tracking and Alerts,coldwar,0.003028773346795,0.302877334679455
763,Weather Tracking and Alerts,doggone,0.003028773346795,0.302877334679455
793,Weather Tracking and Alerts,have,0.003028773346795,0.302877334679455
803,Weather Tracking and Alerts,jersey,0.003028773346795,0.302877334679455
813,Weather Tracking and Alerts,lisa,0.003028773346795,0.302877334679455
836,Weather Tracking and Alerts,national,0.003028773346795,0.302877334679455
848,Weather Tracking and Alerts,photo,0.003028773346795,0.302877334679455
853,Weather Tracking and Alerts,power,0.003028773346795,0.302877334679455
922,Weather Tracking and Alerts,wichita,0.003028773346795,0.302877334679455
923,Weather Tracking and Alerts,wind,0.003028773346795,0.302877334679455
928,Weather Tracking and Alerts,yellowstone,0.003028773346795,0.302877334679455
711,Weather Tracking and Alerts,arkansas,0.002523977788995,0.252397778899546
712,Weather Tracking and Alerts,around,0.002523977788995,0.252397778899546
718,Weather Tracking and Alerts,baker,0.002523977788995,0.252397778899546
724,Weather Tracking and Alerts,beach,0.002523977788995,0.252397778899546
725,Weather Tracking and Alerts,berlin,0.002523977788995,0.252397778899546
729,Weather Tracking and Alerts,boston,0.002523977788995,0.252397778899546
730,Weather Tracking and Alerts,british,0.002523977788995,0.252397778899546
737,Weather Tracking and Alerts,carolina,0.002523977788995,0.252397778899546
739,Weather Tracking and Alerts,cedar,0.002523977788995,0.252397778899546
748,Weather Tracking and Alerts,club,0.002523977788995,0.252397778899546
756,Weather Tracking and Alerts,columbia,0.002523977788995,0.252397778899546
773,Weather Tracking and Alerts,falling,0.002523977788995,0.252397778899546
774,Weather Tracking and Alerts,favor,0.002523977788995,0.252397778899546
784,Weather Tracking and Alerts,frosting,0.002523977788995,0.252397778899546
791,Weather Tracking and Alerts,hardy,0.002523977788995,0.252397778899546
795,Weather Tracking and Alerts,hill,0.002523977788995,0.252397778899546
818,Weather Tracking and Alerts,ltd,0.002523977788995,0.252397778899546
821,Weather Tracking and Alerts,map,0.002523977788995,0.252397778899546
830,Weather Tracking and Alerts,miami,0.002523977788995,0.252397778899546
851,Weather Tracking and Alerts,porcelain,0.002523977788995,0.252397778899546
855,Weather Tracking and Alerts,pryor,0.002523977788995,0.252397778899546
864,Weather Tracking and Alerts,realty,0.002523977788995,0.252397778899546
877,Weather Tracking and Alerts,season,0.002523977788995,0.252397778899546
883,Weather Tracking and Alerts,shutter,0.002523977788995,0.252397778899546
884,Weather Tracking and Alerts,ski,0.002523977788995,0.252397778899546
886,Weather Tracking and Alerts,snowden,0.002523977788995,0.252397778899546
890,Weather Tracking and Alerts,stationery,0.002523977788995,0.252397778899546
913,Weather Tracking and Alerts,vega,0.002523977788995,0.252397778899546
919,Weather Tracking and Alerts,weatherford,0.002523977788995,0.252397778899546
920,Weather Tracking and Alerts,website,0.002523977788995,0.252397778899546
708,Weather Tracking and Alerts,area,0.002019182231196,0.201918223119637
715,Weather Tracking and Alerts,atmosphere,0.002019182231196,0.201918223119637
720,Weather Tracking and Alerts,barbie,0.002019182231196,0.201918223119637
721,Weather Tracking and Alerts,barbies,0.002019182231196,0.201918223119637
727,Weather Tracking and Alerts,biome,0.002019182231196,0.201918223119637
733,Weather Tracking and Alerts,buy,0.002019182231196,0.201918223119637
734,Weather Tracking and Alerts,california,0.002019182231196,0.201918223119637
742,Weather Tracking and Alerts,check,0.002019182231196,0.201918223119637
746,Weather Tracking and Alerts,clear,0.002019182231196,0.201918223119637
751,Weather Tracking and Alerts,coldplay,0.002019182231196,0.201918223119637
754,Weather Tracking and Alerts,coldwellrealty,0.002019182231196,0.201918223119637
757,Weather Tracking and Alerts,completion,0.002019182231196,0.201918223119637
766,Weather Tracking and Alerts,during,0.002019182231196,0.201918223119637
778,Weather Tracking and Alerts,ford,0.002019182231196,0.201918223119637
781,Weather Tracking and Alerts,forney,0.002019182231196,0.201918223119637
792,Weather Tracking and Alerts,hat,0.002019182231196,0.201918223119637
801,Weather Tracking and Alerts,italy,0.002019182231196,0.201918223119637
817,Weather Tracking and Alerts,louisiana,0.002019182231196,0.201918223119637
822,Weather Tracking and Alerts,marine,0.002019182231196,0.201918223119637
823,Weather Tracking and Alerts,maryland,0.002019182231196,0.201918223119637
826,Weather Tracking and Alerts,mead,0.002019182231196,0.201918223119637
831,Weather Tracking and Alerts,michigan,0.002019182231196,0.201918223119637
833,Weather Tracking and Alerts,missouri,0.002019182231196,0.201918223119637
835,Weather Tracking and Alerts,museum,0.002019182231196,0.201918223119637
839,Weather Tracking and Alerts,nomadic,0.002019182231196,0.201918223119637
860,Weather Tracking and Alerts,raintree,0.002019182231196,0.201918223119637
878,Weather Tracking and Alerts,seattle,0.002019182231196,0.201918223119637
887,Weather Tracking and Alerts,snowy,0.002019182231196,0.201918223119637
905,Weather Tracking and Alerts,toddler,0.002019182231196,0.201918223119637
907,Weather Tracking and Alerts,trisail,0.002019182231196,0.201918223119637
908,Weather Tracking and Alerts,under,0.002019182231196,0.201918223119637
911,Weather Tracking and Alerts,vacuum,0.002019182231196,0.201918223119637
914,Weather Tracking and Alerts,venice,0.002019182231196,0.201918223119637
915,Weather Tracking and Alerts,wallace,0.002019182231196,0.201918223119637
916,Weather Tracking and Alerts,war,0.002019182231196,0.201918223119637
921,Weather Tracking and Alerts,wedding,0.002019182231196,0.201918223119637
709,Weather Tracking and Alerts,arid,0.001514386673397,0.151438667339727
710,Weather Tracking and Alerts,arizona,0.001514386673397,0.151438667339727
713,Weather Tracking and Alerts,asheville,0.001514386673397,0.151438667339727
716,Weather Tracking and Alerts,austin,0.001514386673397,0.151438667339727
717,Weather Tracking and Alerts,average,0.001514386673397,0.151438667339727
722,Weather Tracking and Alerts,baseball,0.001514386673397,0.151438667339727
726,Weather Tracking and Alerts,better,0.001514386673397,0.151438667339727
728,Weather Tracking and Alerts,blizzard,0.001514386673397,0.151438667339727
731,Weather Tracking and Alerts,bromley,0.001514386673397,0.151438667339727
735,Weather Tracking and Alerts,can,0.001514386673397,0.151438667339727
736,Weather Tracking and Alerts,carlo,0.001514386673397,0.151438667339727
743,Weather Tracking and Alerts,cheese,0.001514386673397,0.151438667339727
744,Weather Tracking and Alerts,chicago,0.001514386673397,0.151438667339727
750,Weather Tracking and Alerts,coldair,0.001514386673397,0.151438667339727
755,Weather Tracking and Alerts,colony,0.001514386673397,0.151438667339727
759,Weather Tracking and Alerts,cooking,0.001514386673397,0.151438667339727
761,Weather Tracking and Alerts,custom,0.001514386673397,0.151438667339727
767,Weather Tracking and Alerts,east,0.001514386673397,0.151438667339727
768,Weather Tracking and Alerts,effect,0.001514386673397,0.151438667339727
769,Weather Tracking and Alerts,episode,0.001514386673397,0.151438667339727
770,Weather Tracking and Alerts,estate,0.001514386673397,0.151438667339727
771,Weather Tracking and Alerts,eureka,0.001514386673397,0.151438667339727
772,Weather Tracking and Alerts,evening,0.001514386673397,0.151438667339727
775,Weather Tracking and Alerts,first,0.001514386673397,0.151438667339727
777,Weather Tracking and Alerts,fog,0.001514386673397,0.151438667339727
780,Weather Tracking and Alerts,forever,0.001514386673397,0.151438667339727
782,Weather Tracking and Alerts,foundation,0.001514386673397,0.151438667339727
785,Weather Tracking and Alerts,geo,0.001514386673397,0.151438667339727
786,Weather Tracking and Alerts,gorbachev,0.001514386673397,0.151438667339727
788,Weather Tracking and Alerts,hailos,0.001514386673397,0.151438667339727
789,Weather Tracking and Alerts,handy,0.001514386673397,0.151438667339727
790,Weather Tracking and Alerts,hardest,0.001514386673397,0.151438667339727
794,Weather Tracking and Alerts,headache,0.001514386673397,0.151438667339727
797,Weather Tracking and Alerts,hot,0.001514386673397,0.151438667339727
800,Weather Tracking and Alerts,iraq,0.001514386673397,0.151438667339727
802,Weather Tracking and Alerts,jamestown,0.001514386673397,0.151438667339727
804,Weather Tracking and Alerts,jesse,0.001514386673397,0.151438667339727
807,Weather Tracking and Alerts,knife,0.001514386673397,0.151438667339727
808,Weather Tracking and Alerts,knoxville,0.001514386673397,0.151438667339727
810,Weather Tracking and Alerts,landscaping,0.001514386673397,0.151438667339727
811,Weather Tracking and Alerts,layer,0.001514386673397,0.151438667339727
812,Weather Tracking and Alerts,lion,0.001514386673397,0.151438667339727
816,Weather Tracking and Alerts,london,0.001514386673397,0.151438667339727
820,Weather Tracking and Alerts,manifold,0.001514386673397,0.151438667339727
824,Weather Tracking and Alerts,may,0.001514386673397,0.151438667339727
825,Weather Tracking and Alerts,mccartney,0.001514386673397,0.151438667339727
828,Weather Tracking and Alerts,meteorology,0.001514386673397,0.151438667339727
829,Weather Tracking and Alerts,mexico,0.001514386673397,0.151438667339727
832,Weather Tracking and Alerts,mikhail,0.001514386673397,0.151438667339727
834,Weather Tracking and Alerts,monte,0.001514386673397,0.151438667339727
837,Weather Tracking and Alerts,news,0.001514386673397,0.151438667339727
838,Weather Tracking and Alerts,ninja,0.001514386673397,0.151438667339727
840,Weather Tracking and Alerts,nooa,0.001514386673397,0.151438667339727
842,Weather Tracking and Alerts,ocean,0.001514386673397,0.151438667339727
843,Weather Tracking and Alerts,part,0.001514386673397,0.151438667339727
844,Weather Tracking and Alerts,party,0.001514386673397,0.151438667339727
847,Weather Tracking and Alerts,philly,0.001514386673397,0.151438667339727
850,Weather Tracking and Alerts,planet,0.001514386673397,0.151438667339727
856,Weather Tracking and Alerts,rabbit,0.001514386673397,0.151438667339727
857,Weather Tracking and Alerts,radar,0.001514386673397,0.151438667339727
861,Weather Tracking and Alerts,rainy,0.001514386673397,0.151438667339727
862,Weather Tracking and Alerts,ranger,0.001514386673397,0.151438667339727
863,Weather Tracking and Alerts,real,0.001514386673397,0.151438667339727
865,Weather Tracking and Alerts,refrigerator,0.001514386673397,0.151438667339727
869,Weather Tracking and Alerts,review,0.001514386673397,0.151438667339727
870,Weather Tracking and Alerts,rhinoplasty,0.001514386673397,0.151438667339727
871,Weather Tracking and Alerts,romania,0.001514386673397,0.151438667339727
872,Weather Tracking and Alerts,rose,0.001514386673397,0.151438667339727
873,Weather Tracking and Alerts,ruler,0.001514386673397,0.151438667339727
874,Weather Tracking and Alerts,sacramento,0.001514386673397,0.151438667339727
875,Weather Tracking and Alerts,san,0.001514386673397,0.151438667339727
880,Weather Tracking and Alerts,sensor,0.001514386673397,0.151438667339727
882,Weather Tracking and Alerts,shortram,0.001514386673397,0.151438667339727
889,Weather Tracking and Alerts,state,0.001514386673397,0.151438667339727
891,Weather Tracking and Alerts,status,0.001514386673397,0.151438667339727
892,Weather Tracking and Alerts,stlouis,0.001514386673397,0.151438667339727
894,Weather Tracking and Alerts,stopping,0.001514386673397,0.151438667339727
902,Weather Tracking and Alerts,thundercake,0.001514386673397,0.151438667339727
904,Weather Tracking and Alerts,tiger,0.001514386673397,0.151438667339727
909,Weather Tracking and Alerts,united,0.001514386673397,0.151438667339727
910,Weather Tracking and Alerts,university,0.001514386673397,0.151438667339727
912,Weather Tracking and Alerts,vallotton,0.001514386673397,0.151438667339727
925,Weather Tracking and Alerts,woman,0.001514386673397,0.151438667339727
926,Weather Tracking and Alerts,wood,0.001514386673397,0.151438667339727
929,Weather Tracking and Alerts,york,0.001514386673397,0.151438667339727
930,Weather Tracking and Alerts,youth,0.001514386673397,0.151438667339727
931,Weather Tracking and Alerts,zone,0.001514386673397,0.151438667339727
682,UNKNOWN,weather,0.074256318496981,7.42563184969805
441,UNKNOWN,insurance,0.064191456050101,6.4191456050100655
571,UNKNOWN,repair,0.027957951241333,2.795795124133304
394,UNKNOWN,fund,0.015656452695145998,1.56564526951465
285,UNKNOWN,bug,0.014985461865355,1.49854618653545
318,UNKNOWN,cold,0.013196152985909001,1.319615298590919
434,UNKNOWN,hurricane,0.012525162156117,1.252516215611718
591,UNKNOWN,safety,0.012525162156117,1.25251621561172
587,UNKNOWN,safe,0.012301498546186,1.230149854618654
607,UNKNOWN,shelter,0.012077834936255999,1.2077834936255871
643,UNKNOWN,temperature,0.011854171326326,1.1854171326325251
645,UNKNOWN,texas,0.010735853276672,1.07358532766719
241,UNKNOWN,alert,0.009393871617088,0.93938716170879
569,UNKNOWN,refund,0.009393871617088,0.93938716170879
491,UNKNOWN,merriweather,0.009170208007157,0.917020800715724
544,UNKNOWN,post,0.009170208007157,0.917020800715724
243,UNKNOWN,amber,0.008946544397227,0.894654439722657
529,UNKNOWN,pavillion,0.008946544397227,0.894654439722657
626,UNKNOWN,state,0.008946544397226001,0.894654439722657
246,UNKNOWN,animal,0.008722880787296,0.87228807872959
362,UNKNOWN,emergency,0.008722880787296,0.872288078729591
422,UNKNOWN,health,0.008722880787296,0.872288078729591
675,UNKNOWN,volunteer,0.008722880787296,0.8722880787295909
641,UNKNOWN,tax,0.008499217177365,0.849921717736524
384,UNKNOWN,forecast,0.008275553567435,0.827555356743458
634,UNKNOWN,storm,0.008275553567435,0.827555356743458
348,UNKNOWN,department,0.007828226347573,0.782822634757325
461,UNKNOWN,life,0.007604562737643,0.760456273764259
702,UNKNOWN,york,0.006933571907851,0.693357190785059
315,UNKNOWN,climate,0.0069335719078499995,0.693357190785059
618,UNKNOWN,snow,0.00670990829792,0.670990829791993
344,UNKNOWN,damage,0.006262581078059,0.62625810780586
473,UNKNOWN,lyric,0.006262581078059,0.62625810780586
646,UNKNOWN,thailand,0.005815253858197,0.581525385819727
428,UNKNOWN,home,0.005367926638336,0.536792663833594
375,UNKNOWN,federal,0.005144263028405,0.514426302840528
489,UNKNOWN,medical,0.004920599418475,0.492059941847461
528,UNKNOWN,paul,0.004696935808544,0.469693580854395
322,UNKNOWN,coldwell,0.004473272198613,0.447327219861329
598,UNKNOWN,sean,0.004249608588683,0.424960858868262
345,UNKNOWN,day,0.004025944978752,0.402594497875196
380,UNKNOWN,florida,0.004025944978752,0.402594497875196
516,UNKNOWN,north,0.004025944978752,0.402594497875196
680,UNKNOWN,warning,0.004025944978752,0.402594497875196
258,UNKNOWN,auto,0.003802281368821,0.380228136882129
540,UNKNOWN,plan,0.003802281368821,0.380228136882129
639,UNKNOWN,survival,0.003802281368821,0.380228136882129
292,UNKNOWN,car,0.003578617758891,0.357861775889063
631,UNKNOWN,stone,0.003578617758891,0.357861775889063
340,UNKNOWN,creamery,0.00335495414896,0.335495414895996
396,UNKNOWN,funding,0.00335495414896,0.335495414895996
507,UNKNOWN,mutual,0.00335495414896,0.335495414895996
560,UNKNOWN,rainbow,0.00335495414896,0.335495414895996
612,UNKNOWN,sigalert,0.00335495414896,0.335495414895996
330,UNKNOWN,company,0.003131290539029,0.31312905390293
354,UNKNOWN,dominican,0.003131290539029,0.31312905390293
570,UNKNOWN,relief,0.003131290539029,0.31312905390293
574,UNKNOWN,republic,0.003131290539029,0.31312905390293
264,UNKNOWN,banker,0.002907626929099,0.290762692909864
288,UNKNOWN,california,0.002907626929099,0.290762692909864
451,UNKNOWN,katrina,0.002907626929099,0.290762692909864
468,UNKNOWN,local,0.002907626929099,0.290762692909864
659,UNKNOWN,tornado,0.002907626929099,0.290762692909864
312,UNKNOWN,city,0.002683963319168,0.268396331916797
537,UNKNOWN,picture,0.002683963319168,0.268396331916797
648,UNKNOWN,thunderbeach,0.002683963319168,0.268396331916797
255,UNKNOWN,atlanta,0.002460299709237,0.246029970923731
390,UNKNOWN,free,0.002460299709237,0.246029970923731
460,UNKNOWN,liability,0.002460299709237,0.246029970923731
465,UNKNOWN,list,0.002460299709237,0.246029970923731
546,UNKNOWN,prediction,0.002460299709237,0.246029970923731
593,UNKNOWN,safeway,0.002460299709237,0.246029970923731
647,UNKNOWN,thunder,0.002460299709237,0.246029970923731
295,UNKNOWN,carolina,0.002236636099307,0.223663609930664
298,UNKNOWN,casino,0.002236636099307,0.223663609930664
307,UNKNOWN,child,0.002236636099307,0.223663609930664
433,UNKNOWN,houston,0.002236636099307,0.223663609930664
467,UNKNOWN,load,0.002236636099307,0.223663609930664
606,UNKNOWN,service,0.002236636099307,0.223663609930664
621,UNKNOWN,song,0.002236636099307,0.223663609930664
651,UNKNOWN,thundervalley,0.002236636099307,0.223663609930664
698,UNKNOWN,world,0.002236636099307,0.223663609930664
269,UNKNOWN,beach,0.002012972489376,0.201297248937598
300,UNKNOWN,change,0.002012972489376,0.201297248937598
301,UNKNOWN,channel,0.002012972489376,0.201297248937598
332,UNKNOWN,condition,0.002012972489376,0.201297248937598
356,UNKNOWN,drought,0.002012972489376,0.201297248937598
381,UNKNOWN,flower,0.002012972489376,0.201297248937598
392,UNKNOWN,frost,0.002012972489376,0.201297248937598
400,UNKNOWN,general,0.002012972489376,0.201297248937598
410,UNKNOWN,grocery,0.002012972489376,0.201297248937598
455,UNKNOWN,lake,0.002012972489376,0.201297248937598
508,UNKNOWN,national,0.002012972489376,0.201297248937598
559,UNKNOWN,rain,0.002012972489376,0.201297248937598
576,UNKNOWN,resistant,0.002012972489376,0.201297248937598
661,UNKNOWN,travel,0.002012972489376,0.201297248937598
666,UNKNOWN,united,0.002012972489376,0.201297248937598
681,UNKNOWN,water,0.002012972489376,0.201297248937598
693,UNKNOWN,wkyc,0.002012972489376,0.201297248937598
268,UNKNOWN,battle,0.001789308879445,0.178930887944531
277,UNKNOWN,boat,0.001789308879445,0.178930887944531
378,UNKNOWN,first,0.001789308879445,0.178930887944531
395,UNKNOWN,funded,0.001789308879445,0.178930887944531
420,UNKNOWN,have,0.001789308879445,0.178930887944531
437,UNKNOWN,income,0.001789308879445,0.178930887944531
470,UNKNOWN,long,0.001789308879445,0.178930887944531
499,UNKNOWN,missouri,0.001789308879445,0.178930887944531
556,UNKNOWN,quote,0.001789308879445,0.178930887944531
614,UNKNOWN,signal,0.001789308879445,0.178930887944531
623,UNKNOWN,space,0.001789308879445,0.178930887944531
636,UNKNOWN,subwoofer,0.001789308879445,0.178930887944531
240,UNKNOWN,air,0.001565645269515,0.156564526951465
245,UNKNOWN,american,0.001565645269515,0.156564526951465
296,UNKNOWN,case,0.001565645269515,0.156564526951465
302,UNKNOWN,charity,0.001565645269515,0.156564526951465
308,UNKNOWN,childrens,0.001565645269515,0.156564526951465
326,UNKNOWN,colorado,0.001565645269515,0.156564526951465
327,UNKNOWN,columbia,0.001565645269515,0.156564526951465
338,UNKNOWN,county,0.001565645269515,0.156564526951465
383,UNKNOWN,ford,0.001565645269515,0.156564526951465
414,UNKNOWN,haile,0.001565645269515,0.156564526951465
427,UNKNOWN,hill,0.001565645269515,0.156564526951465
435,UNKNOWN,ice,0.001565645269515,0.156564526951465
447,UNKNOWN,jersey,0.001565645269515,0.156564526951465
450,UNKNOWN,kansa,0.001565645269515,0.156564526951465
478,UNKNOWN,management,0.001565645269515,0.156564526951465
480,UNKNOWN,manual,0.001565645269515,0.156564526951465
500,UNKNOWN,mobile,0.001565645269515,0.156564526951465
535,UNKNOWN,photo,0.001565645269515,0.156564526951465
573,UNKNOWN,report,0.001565645269515,0.156564526951465
595,UNKNOWN,san,0.001565645269515,0.156564526951465
603,UNKNOWN,selassie,0.001565645269515,0.156564526951465
609,UNKNOWN,shore,0.001565645269515,0.156564526951465
649,UNKNOWN,thunderbird,0.001565645269515,0.156564526951465
672,UNKNOWN,vega,0.001565645269515,0.156564526951465
252,UNKNOWN,around,0.001341981659584,0.134198165958399
286,UNKNOWN,business,0.001341981659584,0.134198165958399
304,UNKNOWN,check,0.001341981659584,0.134198165958399
316,UNKNOWN,club,0.001341981659584,0.134198165958399
321,UNKNOWN,coldwar,0.001341981659584,0.134198165958399
328,UNKNOWN,columbus,0.001341981659584,0.134198165958399
353,UNKNOWN,doggone,0.001341981659584,0.134198165958399
404,UNKNOWN,ghi,0.001341981659584,0.134198165958399
411,UNKNOWN,group,0.001341981659584,0.134198165958399
424,UNKNOWN,hedge,0.001341981659584,0.134198165958399
449,UNKNOWN,job,0.001341981659584,0.134198165958399
457,UNKNOWN,lawnmower,0.001341981659584,0.134198165958399
464,UNKNOWN,lisa,0.001341981659584,0.134198165958399
483,UNKNOWN,marine,0.001341981659584,0.134198165958399
495,UNKNOWN,michigan,0.001341981659584,0.134198165958399
505,UNKNOWN,municipal,0.001341981659584,0.134198165958399
509,UNKNOWN,nerve,0.001341981659584,0.134198165958399
524,UNKNOWN,pain,0.001341981659584,0.134198165958399
525,UNKNOWN,part,0.001341981659584,0.134198165958398
542,UNKNOWN,plastic,0.001341981659584,0.134198165958399
545,UNKNOWN,power,0.001341981659584,0.134198165958399
597,UNKNOWN,school,0.001341981659584,0.134198165958399
600,UNKNOWN,seat,0.001341981659584,0.134198165958398
622,UNKNOWN,south,0.001341981659584,0.134198165958399
642,UNKNOWN,teen,0.001341981659584,0.134198165958399
674,UNKNOWN,virginia,0.001341981659584,0.134198165958399
690,UNKNOWN,wichita,0.001341981659584,0.134198165958399
692,UNKNOWN,wind,0.001341981659584,0.134198165958399
701,UNKNOWN,yellowstone,0.001341981659584,0.134198165958399
248,UNKNOWN,area,0.001118318049653,0.111831804965332
251,UNKNOWN,arkansas,0.001118318049653,0.111831804965332
254,UNKNOWN,association,0.001118318049653,0.111831804965332
261,UNKNOWN,award,0.001118318049653,0.111831804965332
262,UNKNOWN,baker,0.001118318049653,0.111831804965332
271,UNKNOWN,berlin,0.001118318049653,0.111831804965332
273,UNKNOWN,best,0.001118318049653,0.111831804965332
280,UNKNOWN,boston,0.001118318049653,0.111831804965332
282,UNKNOWN,british,0.001118318049653,0.111831804965332
287,UNKNOWN,buy,0.001118318049653,0.111831804965332
299,UNKNOWN,cedar,0.001118318049653,0.111831804965332
317,UNKNOWN,clutch,0.001118318049653,0.111831804965332
336,UNKNOWN,council,0.001118318049653,0.111831804965332
339,UNKNOWN,course,0.001118318049653,0.111831804965332
346,UNKNOWN,deaf,0.001118318049653,0.111831804965332
352,UNKNOWN,doe,0.001118318049653,0.111831804965332
371,UNKNOWN,falling,0.001118318049653,0.111831804965332
374,UNKNOWN,favor,0.001118318049653,0.111831804965332
393,UNKNOWN,frosting,0.001118318049653,0.111831804965332
399,UNKNOWN,gateway,0.001118318049653,0.111831804965332
401,UNKNOWN,geo,0.001118318049653,0.111831804965332
406,UNKNOWN,glass,0.001118318049653,0.111831804965332
418,UNKNOWN,hardy,0.001118318049653,0.111831804965332
429,UNKNOWN,homeless,0.001118318049653,0.111831804965332
430,UNKNOWN,homeowner,0.001118318049653,0.111831804965332
431,UNKNOWN,hospital,0.001118318049653,0.111831804965332
444,UNKNOWN,island,0.001118318049653,0.111831804965332
452,UNKNOWN,kit,0.001118318049653,0.111831804965332
458,UNKNOWN,lawyer,0.001118318049653,0.111831804965332
471,UNKNOWN,louisiana,0.001118318049653,0.111831804965332
472,UNKNOWN,ltd,0.001118318049653,0.111831804965332
482,UNKNOWN,map,0.001118318049653,0.111831804965332
484,UNKNOWN,maryland,0.001118318049653,0.111831804965332
490,UNKNOWN,medicare,0.001118318049653,0.111831804965332
494,UNKNOWN,miami,0.001118318049653,0.111831804965332
511,UNKNOWN,newark,0.001118318049653,0.111831804965332
520,UNKNOWN,ohio,0.001118318049653,0.111831804965332
527,UNKNOWN,password,0.001118318049653,0.111831804965332
539,UNKNOWN,plainfield,0.001118318049653,0.111831804965332
543,UNKNOWN,porcelain,0.001118318049653,0.111831804965332
550,UNKNOWN,property,0.001118318049653,0.111831804965332
553,UNKNOWN,pryor,0.001118318049653,0.111831804965332
555,UNKNOWN,punitive,0.001118318049653,0.111831804965332
566,UNKNOWN,realty,0.001118318049653,0.111831804965332
572,UNKNOWN,repairing,0.001118318049653,0.111831804965332
588,UNKNOWN,safely,0.001118318049653,0.111831804965332
599,UNKNOWN,season,0.001118318049653,0.111831804965332
602,UNKNOWN,security,0.001118318049653,0.111831804965332
605,UNKNOWN,september,0.001118318049653,0.111831804965332
611,UNKNOWN,shutter,0.001118318049653,0.111831804965332
613,UNKNOWN,sign,0.001118318049653,0.111831804965332
617,UNKNOWN,ski,0.001118318049653,0.111831804965332
619,UNKNOWN,snowden,0.001118318049653,0.111831804965332
627,UNKNOWN,stationery,0.001118318049653,0.111831804965332
628,UNKNOWN,status,0.001118318049653,0.111831804965332
637,UNKNOWN,supplement,0.001118318049653,0.111831804965332
657,UNKNOWN,toddler,0.001118318049653,0.111831804965332
665,UNKNOWN,under,0.001118318049653,0.111831804965332
668,UNKNOWN,unum,0.001118318049653,0.111831804965332
669,UNKNOWN,use,0.001118318049653,0.111831804965332
676,UNKNOWN,volunteering,0.001118318049653,0.111831804965332
683,UNKNOWN,weatherford,0.001118318049653,0.111831804965332
685,UNKNOWN,website,0.001118318049653,0.111831804965332
691,UNKNOWN,will,0.001118318049653,0.111831804965332
696,UNKNOWN,work,0.001118318049653,0.111831804965332
703,UNKNOWN,young,0.001118318049653,0.111831804965332
236,UNKNOWN,aaa,0.000894654439723,0.089465443972266
239,UNKNOWN,agency,0.000894654439723,0.089465443972266
244,UNKNOWN,america,0.000894654439723,0.089465443972266
247,UNKNOWN,aol,0.000894654439723,0.089465443972266
256,UNKNOWN,atmosphere,0.000894654439723,0.089465443972266
259,UNKNOWN,automotive,0.000894654439723,0.089465443972266
263,UNKNOWN,bank,0.000894654439723,0.089465443972266
265,UNKNOWN,barbie,0.000894654439723,0.089465443972266
266,UNKNOWN,barbies,0.000894654439723,0.089465443972266
275,UNKNOWN,biome,0.000894654439723,0.089465443972266
290,UNKNOWN,can,0.000894654439723,0.089465443972266
313,UNKNOWN,clear,0.000894654439723,0.089465443972266
320,UNKNOWN,coldplay,0.000894654439723,0.089465443972266
323,UNKNOWN,coldwellrealty,0.000894654439723,0.089465443972266
331,UNKNOWN,completion,0.000894654439723,0.089465443972266
334,UNKNOWN,corporate,0.000894654439723,0.089465443972266
337,UNKNOWN,country,0.000894654439723,0.089465443972266
342,UNKNOWN,crista,0.000894654439723,0.089465443972266
349,UNKNOWN,dept,0.000894654439723,0.089465443972266
351,UNKNOWN,dig,0.000894654439723,0.089465443972266
357,UNKNOWN,drug,0.000894654439723,0.089465443972266
359,UNKNOWN,during,0.000894654439723,0.089465443972266
364,UNKNOWN,enjoy,0.000894654439723,0.089465443972266
366,UNKNOWN,equipment,0.000894654439723,0.089465443972266
368,UNKNOWN,estate,0.000894654439723,0.089465443972266
379,UNKNOWN,flight,0.000894654439723,0.089465443972266
387,UNKNOWN,forney,0.000894654439723,0.089465443972266
388,UNKNOWN,fort,0.000894654439723,0.089465443972266
389,UNKNOWN,foundation,0.000894654439723,0.089465443972266
391,UNKNOWN,french,0.000894654439723,0.089465443972266
403,UNKNOWN,get,0.000894654439723,0.089465443972266
405,UNKNOWN,girl,0.000894654439723,0.089465443972266
419,UNKNOWN,hat,0.000894654439723,0.089465443972266
426,UNKNOWN,highway,0.000894654439723,0.089465443972266
440,UNKNOWN,institute,0.000894654439723,0.089465443972266
443,UNKNOWN,irs,0.000894654439723,0.089465443972266
445,UNKNOWN,italy,0.000894654439723,0.089465443972266
462,UNKNOWN,lifeinsurance,0.000894654439723,0.089465443972266
469,UNKNOWN,london,0.000894654439723,0.089465443972266
476,UNKNOWN,maine,0.000894654439723,0.089465443972266
477,UNKNOWN,malpractice,0.000894654439723,0.089465443972266
481,UNKNOWN,manufactured,0.000894654439723,0.089465443972266
485,UNKNOWN,matthew,0.000894654439723,0.089465443972266
488,UNKNOWN,mead,0.000894654439723,0.089465443972266
497,UNKNOWN,miranda,0.000894654439723,0.089465443972266
503,UNKNOWN,mortgage,0.000894654439723,0.089465443972266
506,UNKNOWN,museum,0.000894654439723,0.089465443972266
514,UNKNOWN,nomadic,0.000894654439723,0.089465443972266
519,UNKNOWN,ocean,0.000894654439723,0.089465443972266
522,UNKNOWN,orlando,0.000894654439723,0.089465443972266
547,UNKNOWN,privately,0.000894654439723,0.089465443972266
551,UNKNOWN,protective,0.000894654439723,0.089465443972266
552,UNKNOWN,provident,0.000894654439723,0.089465443972266
554,UNKNOWN,public,0.000894654439723,0.089465443972266
561,UNKNOWN,raintree,0.000894654439723,0.089465443972266
564,UNKNOWN,rate,0.000894654439723,0.089465443972266
565,UNKNOWN,real,0.000894654439723,0.089465443972266
575,UNKNOWN,rescue,0.000894654439723,0.089465443972266
580,UNKNOWN,robbery,0.000894654439723,0.089465443972266
581,UNKNOWN,rochester,0.000894654439723,0.089465443972266
584,UNKNOWN,rubber,0.000894654439723,0.089465443972266
589,UNKNOWN,safest,0.000894654439723,0.089465443972266
596,UNKNOWN,saving,0.000894654439723,0.089465443972266
601,UNKNOWN,seattle,0.000894654439723,0.089465443972266
608,UNKNOWN,shop,0.000894654439723,0.089465443972266
615,UNKNOWN,silicone,0.000894654439723,0.089465443972266
616,UNKNOWN,site,0.000894654439723,0.089465443972266
620,UNKNOWN,snowy,0.000894654439723,0.089465443972266
632,UNKNOWN,stop,0.000894654439723,0.089465443972266
635,UNKNOWN,street,0.000894654439723,0.089465443972266
644,UNKNOWN,term,0.000894654439723,0.089465443972266
653,UNKNOWN,tip,0.000894654439723,0.089465443972266
654,UNKNOWN,tire,0.000894654439723,0.089465443972266
655,UNKNOWN,title,0.000894654439723,0.089465443972266
662,UNKNOWN,treatment,0.000894654439723,0.089465443972266
663,UNKNOWN,trisail,0.000894654439723,0.089465443972266
664,UNKNOWN,truck,0.000894654439723,0.089465443972266
670,UNKNOWN,vacuum,0.000894654439723,0.089465443972266
673,UNKNOWN,venice,0.000894654439723,0.089465443972266
677,UNKNOWN,wallace,0.000894654439723,0.089465443972266
678,UNKNOWN,walton,0.000894654439723,0.089465443972266
679,UNKNOWN,war,0.000894654439723,0.089465443972266
684,UNKNOWN,web,0.000894654439723,0.089465443972266
686,UNKNOWN,wedding,0.000894654439723,0.089465443972266
705,UNKNOWN,youth,0.000894654439723,0.089465443972266
237,UNKNOWN,aetna,0.000670990829792,0.067099082979199
238,UNKNOWN,africa,0.000670990829792,0.067099082979199
242,UNKNOWN,allergy,0.000670990829792,0.067099082979199
249,UNKNOWN,arid,0.000670990829792,0.067099082979199
250,UNKNOWN,arizona,0.000670990829792,0.067099082979199
253,UNKNOWN,asheville,0.000670990829792,0.067099082979199
257,UNKNOWN,austin,0.000670990829792,0.067099082979199
260,UNKNOWN,average,0.000670990829792,0.067099082979199
267,UNKNOWN,baseball,0.000670990829792,0.067099082979199
270,UNKNOWN,behavioral,0.000670990829792,0.067099082979199
272,UNKNOWN,bernardino,0.000670990829792,0.067099082979199
274,UNKNOWN,better,0.000670990829792,0.067099082979199
276,UNKNOWN,blizzard,0.000670990829792,0.067099082979199
278,UNKNOWN,body,0.000670990829792,0.067099082979199
279,UNKNOWN,bond,0.000670990829792,0.067099082979199
281,UNKNOWN,brass,0.000670990829792,0.067099082979199
283,UNKNOWN,bromley,0.000670990829792,0.067099082979199
284,UNKNOWN,brooklyn,0.000670990829792,0.067099082979199
289,UNKNOWN,campbell,0.000670990829792,0.067099082979199
291,UNKNOWN,capital,0.000670990829792,0.067099082979199
293,UNKNOWN,care,0.000670990829792,0.067099082979199
294,UNKNOWN,carlo,0.000670990829792,0.067099082979199
297,UNKNOWN,cash,0.000670990829792,0.067099082979199
303,UNKNOWN,charlotte,0.000670990829792,0.067099082979199
305,UNKNOWN,cheese,0.000670990829792,0.067099082979199
306,UNKNOWN,chicago,0.000670990829792,0.067099082979199
309,UNKNOWN,chilton,0.000670990829792,0.067099082979199
310,UNKNOWN,christian,0.000670990829792,0.067099082979199
311,UNKNOWN,citizen,0.000670990829792,0.067099082979199
314,UNKNOWN,clerical,0.000670990829792,0.067099082979199
319,UNKNOWN,coldair,0.000670990829792,0.067099082979199
324,UNKNOWN,collision,0.000670990829792,0.067099082979199
325,UNKNOWN,colony,0.000670990829792,0.067099082979199
329,UNKNOWN,combined,0.000670990829792,0.067099082979199
333,UNKNOWN,cooking,0.000670990829792,0.067099082979199
335,UNKNOWN,costco,0.000670990829792,0.067099082979199
341,UNKNOWN,credit,0.000670990829792,0.067099082979199
343,UNKNOWN,custom,0.000670990829792,0.067099082979199
347,UNKNOWN,dental,0.000670990829792,0.067099082979199
350,UNKNOWN,did,0.000670990829792,0.067099082979199
355,UNKNOWN,donate,0.000670990829792,0.067099082979199
358,UNKNOWN,dryvit,0.000670990829792,0.067099082979199
360,UNKNOWN,east,0.000670990829792,0.067099082979199
361,UNKNOWN,effect,0.000670990829792,0.067099082979199
363,UNKNOWN,employment,0.000670990829792,0.067099082979199
365,UNKNOWN,episode,0.000670990829792,0.067099082979199
367,UNKNOWN,error,0.000670990829792,0.067099082979199
369,UNKNOWN,eureka,0.000670990829792,0.067099082979199
370,UNKNOWN,evening,0.000670990829792,0.067099082979199
372,UNKNOWN,family,0.000670990829792,0.067099082979199
373,UNKNOWN,farm,0.000670990829792,0.067099082979199
376,UNKNOWN,fire,0.000670990829792,0.067099082979199
377,UNKNOWN,fireman,0.000670990829792,0.067099082979199
382,UNKNOWN,fog,0.000670990829792,0.067099082979199
385,UNKNOWN,forever,0.000670990829792,0.067099082979199
386,UNKNOWN,forgot,0.000670990829792,0.067099082979199
397,UNKNOWN,fundraiser,0.000670990829792,0.067099082979199
398,UNKNOWN,fundraising,0.000670990829792,0.067099082979199
402,UNKNOWN,georgia,0.000670990829792,0.067099082979199
407,UNKNOWN,global,0.000670990829792,0.067099082979199
408,UNKNOWN,gorbachev,0.000670990829792,0.067099082979199
409,UNKNOWN,gov,0.000670990829792,0.067099082979199
412,UNKNOWN,guide,0.000670990829792,0.067099082979199
413,UNKNOWN,hail,0.000670990829792,0.067099082979199
415,UNKNOWN,hailos,0.000670990829792,0.067099082979199
416,UNKNOWN,handy,0.000670990829792,0.067099082979199
417,UNKNOWN,hardest,0.000670990829792,0.067099082979199
421,UNKNOWN,headache,0.000670990829792,0.067099082979199
423,UNKNOWN,healthy,0.000670990829792,0.067099082979199
425,UNKNOWN,hempstead,0.000670990829792,0.067099082979199
432,UNKNOWN,hot,0.000670990829792,0.067099082979199
436,UNKNOWN,inc,0.000670990829792,0.067099082979199
438,UNKNOWN,indiana,0.000670990829792,0.067099082979199
439,UNKNOWN,inpatient,0.000670990829792,0.067099082979199
442,UNKNOWN,iraq,0.000670990829792,0.067099082979199
446,UNKNOWN,jamestown,0.000670990829792,0.067099082979199
448,UNKNOWN,jesse,0.000670990829792,0.067099082979199
453,UNKNOWN,knife,0.000670990829792,0.067099082979199
454,UNKNOWN,knoxville,0.000670990829792,0.067099082979199
456,UNKNOWN,landscaping,0.000670990829792,0.067099082979199
459,UNKNOWN,layer,0.000670990829792,0.067099082979199
463,UNKNOWN,lion,0.000670990829792,0.067099082979199
466,UNKNOWN,little,0.000670990829792,0.067099082979199
474,UNKNOWN,machine,0.000670990829792,0.067099082979199
475,UNKNOWN,mail,0.000670990829792,0.067099082979199
479,UNKNOWN,manifold,0.000670990829792,0.067099082979199
486,UNKNOWN,may,0.000670990829792,0.067099082979199
487,UNKNOWN,mccartney,0.000670990829792,0.067099082979199
492,UNKNOWN,meteorology,0.000670990829792,0.067099082979199
493,UNKNOWN,mexico,0.000670990829792,0.067099082979199
496,UNKNOWN,mikhail,0.000670990829792,0.067099082979199
498,UNKNOWN,mississippi,0.000670990829792,0.067099082979199
501,UNKNOWN,money,0.000670990829792,0.067099082979199
502,UNKNOWN,monte,0.000670990829792,0.067099082979199
504,UNKNOWN,motorcycle,0.000670990829792,0.067099082979199
510,UNKNOWN,nevada,0.000670990829792,0.067099082979199
512,UNKNOWN,news,0.000670990829792,0.067099082979199
513,UNKNOWN,ninja,0.000670990829792,0.067099082979199
515,UNKNOWN,nooa,0.000670990829792,0.067099082979199
517,UNKNOWN,northwestern,0.000670990829792,0.067099082979199
518,UNKNOWN,number,0.000670990829792,0.067099082979199
521,UNKNOWN,oklahoma,0.000670990829792,0.067099082979199
523,UNKNOWN,paid,0.000670990829792,0.067099082979199
526,UNKNOWN,party,0.000670990829792,0.067099082979199
530,UNKNOWN,paypal,0.000670990829792,0.067099082979199
531,UNKNOWN,pentagon,0.000670990829792,0.067099082979199
532,UNKNOWN,pet,0.000670990829792,0.067099082979199
533,UNKNOWN,phentermine,0.000670990829792,0.067099082979199
534,UNKNOWN,philly,0.000670990829792,0.067099082979199
536,UNKNOWN,pic,0.000670990829792,0.067099082979199
538,UNKNOWN,pinellas,0.000670990829792,0.067099082979199
541,UNKNOWN,planet,0.000670990829792,0.067099082979199
548,UNKNOWN,processing,0.000670990829792,0.067099082979199
549,UNKNOWN,program,0.000670990829792,0.067099082979199
557,UNKNOWN,rabbit,0.000670990829792,0.067099082979199
558,UNKNOWN,radar,0.000670990829792,0.067099082979199
562,UNKNOWN,rainy,0.000670990829792,0.067099082979199
563,UNKNOWN,ranger,0.000670990829792,0.067099082979199
567,UNKNOWN,recognition,0.000670990829792,0.067099082979199
568,UNKNOWN,refrigerator,0.000670990829792,0.067099082979199
577,UNKNOWN,review,0.000670990829792,0.067099082979199
578,UNKNOWN,rhinoplasty,0.000670990829792,0.067099082979199
579,UNKNOWN,rifle,0.000670990829792,0.067099082979199
582,UNKNOWN,romania,0.000670990829792,0.067099082979199
583,UNKNOWN,rose,0.000670990829792,0.067099082979199
585,UNKNOWN,ruler,0.000670990829792,0.067099082979199
586,UNKNOWN,sacramento,0.000670990829792,0.067099082979199
590,UNKNOWN,safetrust,0.000670990829792,0.067099082979199
592,UNKNOWN,safetydrapes,0.000670990829792,0.067099082979199
594,UNKNOWN,sale,0.000670990829792,0.067099082979199
604,UNKNOWN,sensor,0.000670990829792,0.067099082979199
610,UNKNOWN,shortram,0.000670990829792,0.067099082979199
624,UNKNOWN,spooler,0.000670990829792,0.067099082979199
625,UNKNOWN,spring,0.000670990829792,0.067099082979199
629,UNKNOWN,steering,0.000670990829792,0.067099082979199
630,UNKNOWN,stlouis,0.000670990829792,0.067099082979199
633,UNKNOWN,stopping,0.000670990829792,0.067099082979199
638,UNKNOWN,surgery,0.000670990829792,0.067099082979199
640,UNKNOWN,take,0.000670990829792,0.067099082979199
650,UNKNOWN,thundercake,0.000670990829792,0.067099082979199
652,UNKNOWN,tiger,0.000670990829792,0.067099082979199
656,UNKNOWN,tmj,0.000670990829792,0.067099082979199
658,UNKNOWN,tomorrow,0.000670990829792,0.067099082979199
660,UNKNOWN,transfer,0.000670990829792,0.067099082979199
667,UNKNOWN,university,0.000670990829792,0.067099082979199
671,UNKNOWN,vallotton,0.000670990829792,0.067099082979199
687,UNKNOWN,west,0.000670990829792,0.067099082979199
688,UNKNOWN,wheres,0.000670990829792,0.067099082979199
689,UNKNOWN,white,0.000670990829792,0.067099082979199
694,UNKNOWN,woman,0.000670990829792,0.067099082979199
695,UNKNOWN,wood,0.000670990829792,0.067099082979199
697,UNKNOWN,working,0.000670990829792,0.067099082979199
699,UNKNOWN,worth,0.000670990829792,0.067099082979199
700,UNKNOWN,year,0.000670990829792,0.067099082979199
704,UNKNOWN,your,0.000670990829792,0.067099082979199
706,UNKNOWN,zone,0.000670990829792,0.067099082979199
234,Shelter and Immediate Protection,shelter,0.40601503759398505,40.6015037593985
224,Shelter and Immediate Protection,animal,0.24812030075188,24.812030075188
231,Shelter and Immediate Protection,north,0.052631578947368,5.26315789473684
235,Shelter and Immediate Protection,shore,0.052631578947368,5.26315789473684
226,Shelter and Immediate Protection,deaf,0.037593984962406,3.7593984962406
229,Shelter and Immediate Protection,homeless,0.037593984962406,3.7593984962406
230,Shelter and Immediate Protection,newark,0.037593984962406,3.7593984962406
225,Shelter and Immediate Protection,county,0.030075187969925,3.00751879699248
233,Shelter and Immediate Protection,rochester,0.030075187969925,3.00751879699248
227,Shelter and Immediate Protection,family,0.022556390977444,2.25563909774436
228,Shelter and Immediate Protection,hempstead,0.022556390977444,2.25563909774436
232,Shelter and Immediate Protection,pinellas,0.022556390977444,2.25563909774436
180,Relief and Support,fund,0.144927536231884,14.492753623188399
207,Relief and Support,refund,0.08695652173913,8.69565217391304
220,Relief and Support,volunteer,0.080745341614907,8.07453416149068
213,Relief and Support,tax,0.078674948240166,7.86749482401656
177,Relief and Support,federal,0.045548654244306,4.55486542443064
211,Relief and Support,state,0.033126293995859,3.31262939958592
182,Relief and Support,funding,0.031055900621118,3.1055900621118
208,Relief and Support,relief,0.028985507246377,2.89855072463768
196,Relief and Support,load,0.020703933747412,2.0703933747412
201,Relief and Support,mutual,0.018633540372671,1.86335403726708
181,Relief and Support,funded,0.01656314699793,1.65631469979296
191,Relief and Support,income,0.01656314699793,1.65631469979296
169,Relief and Support,charity,0.014492753623188,1.44927536231884
189,Relief and Support,hedge,0.012422360248447,1.24223602484472
190,Relief and Support,houston,0.012422360248447,1.24223602484472
194,Relief and Support,job,0.012422360248447,1.24223602484472
200,Relief and Support,municipal,0.012422360248447,1.24223602484472
203,Relief and Support,pain,0.012422360248447,1.24223602484472
214,Relief and Support,teen,0.012422360248447,1.24223602484472
215,Relief and Support,texas,0.012422360248447,1.24223602484472
162,Relief and Support,association,0.010351966873706,1.0351966873706
195,Relief and Support,lawyer,0.010351966873706,1.0351966873706
221,Relief and Support,volunteering,0.010351966873706,1.0351966873706
223,Relief and Support,young,0.010351966873706,1.0351966873706
167,Relief and Support,california,0.008281573498965,0.82815734989648
173,Relief and Support,corporate,0.008281573498965,0.82815734989648
174,Relief and Support,crista,0.008281573498965,0.82815734989648
179,Relief and Support,flight,0.008281573498965,0.82815734989648
185,Relief and Support,gateway,0.008281573498965,0.82815734989648
193,Relief and Support,irs,0.008281573498965,0.82815734989648
204,Relief and Support,privately,0.008281573498965,0.82815734989648
210,Relief and Support,space,0.008281573498965,0.82815734989648
218,Relief and Support,travel,0.008281573498965,0.82815734989648
163,Relief and Support,behavioral,0.006211180124224,0.62111801242236
164,Relief and Support,bernardino,0.006211180124224,0.62111801242236
165,Relief and Support,best,0.006211180124224,0.62111801242236
166,Relief and Support,bond,0.006211180124224,0.62111801242236
168,Relief and Support,capital,0.006211180124224,0.62111801242236
170,Relief and Support,charlotte,0.006211180124224,0.62111801242236
171,Relief and Support,christian,0.006211180124224,0.62111801242236
172,Relief and Support,clerical,0.006211180124224,0.62111801242236
175,Relief and Support,doe,0.006211180124224,0.62111801242236
176,Relief and Support,donate,0.006211180124224,0.62111801242236
178,Relief and Support,fireman,0.006211180124224,0.62111801242236
183,Relief and Support,fundraiser,0.006211180124224,0.62111801242236
184,Relief and Support,fundraising,0.006211180124224,0.62111801242236
186,Relief and Support,global,0.006211180124224,0.62111801242236
187,Relief and Support,gov,0.006211180124224,0.62111801242236
188,Relief and Support,health,0.006211180124224,0.62111801242236
192,Relief and Support,inpatient,0.006211180124224,0.62111801242236
197,Relief and Support,local,0.006211180124224,0.62111801242236
198,Relief and Support,long,0.006211180124224,0.62111801242236
199,Relief and Support,mail,0.006211180124224,0.62111801242236
202,Relief and Support,paid,0.006211180124224,0.62111801242236
205,Relief and Support,program,0.006211180124224,0.62111801242236
206,Relief and Support,recognition,0.006211180124224,0.62111801242236
209,Relief and Support,san,0.006211180124224,0.62111801242236
212,Relief and Support,take,0.006211180124224,0.62111801242236
216,Relief and Support,tmj,0.006211180124224,0.62111801242236
217,Relief and Support,tomorrow,0.006211180124224,0.62111801242236
219,Relief and Support,treatment,0.006211180124224,0.62111801242236
222,Relief and Support,wheres,0.006211180124224,0.62111801242236
142,Emergency Preparedness and Safety,safety,0.112,11.2
138,Emergency Preparedness and Safety,safe,0.11,11.0
98,Emergency Preparedness and Safety,alert,0.084,8.4
99,Emergency Preparedness and Safety,amber,0.08,8.0
112,Emergency Preparedness and Safety,emergency,0.078,7.8
159,Emergency Preparedness and Safety,warning,0.036,3.6
154,Emergency Preparedness and Safety,survival,0.034,3.4
147,Emergency Preparedness and Safety,sigalert,0.03,3.0
144,Emergency Preparedness and Safety,safeway,0.022,2.2
120,Emergency Preparedness and Safety,grocery,0.016,1.6
106,Emergency Preparedness and Safety,case,0.012,1.2
145,Emergency Preparedness and Safety,seat,0.012,1.2
108,Emergency Preparedness and Safety,council,0.01,1.0
125,Emergency Preparedness and Safety,kit,0.01,1.0
126,Emergency Preparedness and Safety,management,0.01,1.0
139,Emergency Preparedness and Safety,safely,0.01,1.0
148,Emergency Preparedness and Safety,sign,0.01,1.0
158,Emergency Preparedness and Safety,use,0.01,1.0
97,Emergency Preparedness and Safety,agency,0.008,0.8
105,Emergency Preparedness and Safety,car,0.008,0.8
110,Emergency Preparedness and Safety,dig,0.008,0.8
113,Emergency Preparedness and Safety,enjoy,0.008,0.8
114,Emergency Preparedness and Safety,equipment,0.008,0.8
118,Emergency Preparedness and Safety,french,0.008,0.8
123,Emergency Preparedness and Safety,hospital,0.008,0.8
127,Emergency Preparedness and Safety,miranda,0.008,0.8
134,Emergency Preparedness and Safety,plainfield,0.008,0.8
136,Emergency Preparedness and Safety,public,0.008,0.8
137,Emergency Preparedness and Safety,robbery,0.008,0.8
140,Emergency Preparedness and Safety,safest,0.008,0.8
150,Emergency Preparedness and Safety,space,0.008,0.8
151,Emergency Preparedness and Safety,state,0.008,0.8
152,Emergency Preparedness and Safety,stop,0.008,0.8
153,Emergency Preparedness and Safety,street,0.008,0.8
100,Emergency Preparedness and Safety,animal,0.006,0.6
101,Emergency Preparedness and Safety,aol,0.006,0.6
102,Emergency Preparedness and Safety,bank,0.006,0.6
103,Emergency Preparedness and Safety,boat,0.006,0.6
104,Emergency Preparedness and Safety,campbell,0.006,0.6
107,Emergency Preparedness and Safety,cash,0.006,0.6
109,Emergency Preparedness and Safety,course,0.006,0.6
111,Emergency Preparedness and Safety,drug,0.006,0.6
115,Emergency Preparedness and Safety,first,0.006,0.6
116,Emergency Preparedness and Safety,florida,0.006,0.6
117,Emergency Preparedness and Safety,forgot,0.006,0.6
119,Emergency Preparedness and Safety,girl,0.006,0.6
121,Emergency Preparedness and Safety,highway,0.006,0.6
122,Emergency Preparedness and Safety,home,0.006,0.6
124,Emergency Preparedness and Safety,inc,0.006,0.6
128,Emergency Preparedness and Safety,money,0.006,0.6
129,Emergency Preparedness and Safety,national,0.006,0.6
130,Emergency Preparedness and Safety,north,0.006,0.6
131,Emergency Preparedness and Safety,password,0.006,0.6
132,Emergency Preparedness and Safety,pet,0.006,0.6
133,Emergency Preparedness and Safety,phentermine,0.006,0.6
135,Emergency Preparedness and Safety,processing,0.006,0.6
141,Emergency Preparedness and Safety,safetrust,0.006,0.6
143,Emergency Preparedness and Safety,safetydrapes,0.006,0.6
146,Emergency Preparedness and Safety,security,0.006,0.6
149,Emergency Preparedness and Safety,site,0.006,0.6
155,Emergency Preparedness and Safety,texas,0.006,0.6
156,Emergency Preparedness and Safety,transfer,0.006,0.6
157,Emergency Preparedness and Safety,united,0.006,0.6
160,Emergency Preparedness and Safety,web,0.006,0.6
161,Emergency Preparedness and Safety,york,0.006,0.6
39,Damage Assessment and Recovery,insurance,0.268041237113403,26.804123711340253
68,Damage Assessment and Recovery,repair,0.115276476101219,11.52764761012187
35,Damage Assessment and Recovery,health,0.033739456419869,3.37394564198688
22,Damage Assessment and Recovery,department,0.031865042174321,3.18650421743205
42,Damage Assessment and Recovery,life,0.031865042174321,3.18650421743205
84,Damage Assessment and Recovery,texas,0.029053420805998,2.90534208059981
21,Damage Assessment and Recovery,damage,0.026241799437676,2.62417994376757
96,Damage Assessment and Recovery,york,0.019681349578257,1.96813495782568
50,Damage Assessment and Recovery,medical,0.018744142455483,1.87441424554827
4,Damage Assessment and Recovery,auto,0.01593252108716,1.59325210871603
60,Damage Assessment and Recovery,plan,0.01593252108716,1.59325210871603
37,Damage Assessment and Recovery,home,0.013120899718838001,1.312089971883786
79,Damage Assessment and Recovery,state,0.013120899718838,1.31208997188379
19,Damage Assessment and Recovery,company,0.012183692596064,1.21836925960637
11,Damage Assessment and Recovery,car,0.01124648547329,1.12464854732896
27,Damage Assessment and Recovery,florida,0.01124648547329,1.12464854732896
41,Damage Assessment and Recovery,liability,0.010309278350515,1.03092783505155
31,Damage Assessment and Recovery,general,0.008434864104967,0.84348641049672
66,Damage Assessment and Recovery,quote,0.007497656982193,0.749765698219306
75,Damage Assessment and Recovery,signal,0.007497656982193,0.749765698219306
81,Damage Assessment and Recovery,subwoofer,0.007497656982193,0.749765698219306
30,Damage Assessment and Recovery,free,0.006560449859419,0.656044985941893
53,Damage Assessment and Recovery,mobile,0.006560449859419,0.656044985941893
10,Damage Assessment and Recovery,business,0.005623242736645,0.56232427366448
17,Damage Assessment and Recovery,columbus,0.005623242736645,0.56232427366448
32,Damage Assessment and Recovery,ghi,0.005623242736645,0.56232427366448
40,Damage Assessment and Recovery,lawnmower,0.005623242736645,0.56232427366448
55,Damage Assessment and Recovery,mutual,0.005623242736645,0.56232427366448
56,Damage Assessment and Recovery,nerve,0.005623242736645,0.56232427366448
61,Damage Assessment and Recovery,plastic,0.005623242736645,0.56232427366448
47,Damage Assessment and Recovery,manual,0.005623242736644,0.56232427366448
3,Damage Assessment and Recovery,american,0.004686035613871,0.468603561387066
6,Damage Assessment and Recovery,award,0.004686035613871,0.468603561387066
8,Damage Assessment and Recovery,boat,0.004686035613871,0.468603561387066
12,Damage Assessment and Recovery,child,0.004686035613871,0.468603561387066
14,Damage Assessment and Recovery,clutch,0.004686035613871,0.468603561387066
16,Damage Assessment and Recovery,colorado,0.004686035613871,0.468603561387066
38,Damage Assessment and Recovery,homeowner,0.004686035613871,0.468603561387066
51,Damage Assessment and Recovery,medicare,0.004686035613871,0.468603561387066
58,Damage Assessment and Recovery,ohio,0.004686035613871,0.468603561387066
65,Damage Assessment and Recovery,punitive,0.004686035613871,0.468603561387066
69,Damage Assessment and Recovery,repairing,0.004686035613871,0.468603561387066
82,Damage Assessment and Recovery,supplement,0.004686035613871,0.468603561387066
91,Damage Assessment and Recovery,unum,0.004686035613871,0.468603561387066
0,Damage Assessment and Recovery,aaa,0.003748828491097,0.374882849109653
5,Damage Assessment and Recovery,automotive,0.003748828491097,0.374882849109653
7,Damage Assessment and Recovery,beach,0.003748828491097,0.374882849109653
23,Damage Assessment and Recovery,dept,0.003748828491097,0.374882849109653
29,Damage Assessment and Recovery,fort,0.003748828491097,0.374882849109653
34,Damage Assessment and Recovery,group,0.003748828491097,0.374882849109653
43,Damage Assessment and Recovery,lifeinsurance,0.003748828491097,0.374882849109653
44,Damage Assessment and Recovery,long,0.003748828491097,0.374882849109653
46,Damage Assessment and Recovery,malpractice,0.003748828491097,0.374882849109653
48,Damage Assessment and Recovery,manufactured,0.003748828491097,0.374882849109653
49,Damage Assessment and Recovery,matthew,0.003748828491097,0.374882849109653
52,Damage Assessment and Recovery,missouri,0.003748828491097,0.374882849109653
62,Damage Assessment and Recovery,property,0.003748828491097,0.374882849109653
63,Damage Assessment and Recovery,protective,0.003748828491097,0.374882849109653
64,Damage Assessment and Recovery,provident,0.003748828491097,0.374882849109653
67,Damage Assessment and Recovery,rate,0.003748828491097,0.374882849109653
70,Damage Assessment and Recovery,rubber,0.003748828491097,0.374882849109653
71,Damage Assessment and Recovery,saving,0.003748828491097,0.374882849109653
74,Damage Assessment and Recovery,shop,0.003748828491097,0.374882849109653
76,Damage Assessment and Recovery,silicone,0.003748828491097,0.374882849109653
86,Damage Assessment and Recovery,tire,0.003748828491097,0.374882849109653
87,Damage Assessment and Recovery,title,0.003748828491097,0.374882849109653
89,Damage Assessment and Recovery,truck,0.003748828491097,0.374882849109653
93,Damage Assessment and Recovery,walton,0.003748828491097,0.374882849109653
94,Damage Assessment and Recovery,will,0.003748828491097,0.374882849109653
1,Damage Assessment and Recovery,aetna,0.002811621368322,0.28116213683224
2,Damage Assessment and Recovery,america,0.002811621368322,0.28116213683224
9,Damage Assessment and Recovery,body,0.002811621368322,0.28116213683224
13,Damage Assessment and Recovery,chilton,0.002811621368322,0.28116213683224
15,Damage Assessment and Recovery,collision,0.002811621368322,0.28116213683224
18,Damage Assessment and Recovery,combined,0.002811621368322,0.28116213683224
20,Damage Assessment and Recovery,costco,0.002811621368322,0.28116213683224
24,Damage Assessment and Recovery,dryvit,0.002811621368322,0.28116213683224
25,Damage Assessment and Recovery,error,0.002811621368322,0.28116213683224
26,Damage Assessment and Recovery,farm,0.002811621368322,0.28116213683224
28,Damage Assessment and Recovery,ford,0.002811621368322,0.28116213683224
33,Damage Assessment and Recovery,glass,0.002811621368322,0.28116213683224
36,Damage Assessment and Recovery,healthy,0.002811621368322,0.28116213683224
45,Damage Assessment and Recovery,machine,0.002811621368322,0.28116213683224
54,Damage Assessment and Recovery,motorcycle,0.002811621368322,0.28116213683224
57,Damage Assessment and Recovery,northwestern,0.002811621368322,0.28116213683224
59,Damage Assessment and Recovery,pentagon,0.002811621368322,0.28116213683224
72,Damage Assessment and Recovery,school,0.002811621368322,0.28116213683224
73,Damage Assessment and Recovery,september,0.002811621368322,0.28116213683224
77,Damage Assessment and Recovery,south,0.002811621368322,0.28116213683224
78,Damage Assessment and Recovery,spooler,0.002811621368322,0.28116213683224
80,Damage Assessment and Recovery,steering,0.002811621368322,0.28116213683224
83,Damage Assessment and Recovery,surgery,0.002811621368322,0.28116213683224
85,Damage Assessment and Recovery,tip,0.002811621368322,0.28116213683224
88,Damage Assessment and Recovery,travel,0.002811621368322,0.28116213683224
90,Damage Assessment and Recovery,united,0.002811621368322,0.28116213683224
92,Damage Assessment and Recovery,virginia,0.002811621368322,0.28116213683224
95,Damage Assessment and Recovery,worth,0.002811621368322,0.28116213683224
